TF,regulon_score,p_act,p_rep,n_act,n_rep,mode
TP53,4.580362252481692,0.8791127137368542,2.6280749549688033e-05,617,149,repression-targets-down
E2F4,4.315930547700885,0.9999999999997403,4.8313605889789305e-05,120,24,repression-targets-down
FOXO3,4.009028030678933,9.794267682037314e-05,0.18687109760776127,135,27,activation-targets-up
RB1,3.633775083745934,0.5058079105014717,0.00023239400273043355,18,13,repression-targets-down
HNF1A,3.1305078238528026,0.0007404439281690853,0.2210556829761393,58,5,activation-targets-up
PPARA,3.085864662242044,0.000820607227614491,0.9731539326228374,130,39,activation-targets-up
IRF1,3.010459083984798,0.0009762047488919806,0.105264071723271,85,17,activation-targets-up
ZNF354C,2.9652207309848,0.0010833761461108808,1.0,19,0,activation-targets-up
E2F6,2.7948308927034513,0.8961256301028631,0.0016038697902549866,22,10,repression-targets-down
IRF9,2.6934802640714155,0.002025441648205,1.0,15,1,activation-targets-up
AHR,2.5199857666561876,0.0030200506963671725,0.5798927392226285,110,15,activation-targets-up
FOXO1,2.35155723578632,0.004450848012092794,0.0250718817396678,147,54,activation-targets-up
STAT2,2.0262185431823507,0.009414157434682838,1.0,35,1,activation-targets-up
PPARG,2.009325200492522,0.00978756816071876,0.9992339993078938,156,88,activation-targets-up
RORC,1.9434370235950296,0.01139102949545765,0.5255705695997931,6,1,activation-targets-up
NFKB1,1.8001365960691473,0.015843947837844877,0.6131409151352192,258,31,activation-targets-up
NR3C1,1.7789265396674454,0.01663694038199613,0.6888406909088491,143,44,activation-targets-up
CEBPA,1.7638000617226555,0.017226614625525088,0.8549307895173621,122,25,activation-targets-up
HOXB7,1.7400715719842783,0.01819400995555124,0.8932368120256673,14,3,activation-targets-up
TFAP2B,1.7261598656665562,0.018786251595094592,1.0,19,1,activation-targets-up
CIITA,1.6560598283976673,0.02207700579289119,0.07627321267120477,11,4,activation-targets-up
IRF7,1.6560598283976673,0.02207700579289119,0.5255705695997931,11,1,activation-targets-up
IRF5,1.6560598283976673,0.02207700579289119,0.5383248892980153,11,3,activation-targets-up
CEBPG,1.6495811247134298,0.022408814177535798,1.0,127,1,activation-targets-up
TCF4,1.6464655478744976,0.02257015035029849,0.8132675344387992,35,7,activation-targets-up
ELF5,1.6194530396560916,0.02401855966981675,1.0,5,1,activation-targets-up
NR2F6,1.6194530396560916,0.02401855966981675,0.7749328377831166,5,2,activation-targets-up
HOXB9,1.6194530396560916,0.02401855966981675,1.0,5,0,activation-targets-up
KDM5D,1.6194530396560916,0.02401855966981675,1.0,5,0,activation-targets-up
TRERF1,1.6194530396560916,0.02401855966981675,1.0,5,2,activation-targets-up
PEG3,1.6194530396560916,0.02401855966981675,1.0,5,0,activation-targets-up
SOX4,1.6178196840140058,0.024109062120582787,0.5255705695997931,16,1,activation-targets-up
HNF4G,1.5971450736639166,0.02528453239574092,1.0,8,0,activation-targets-up
CEBPB,1.5897680941475256,0.025717686968381892,0.960902539796102,289,15,activation-targets-up
YBX1,1.5866564056107566,0.40800100904913256,0.025902614037963567,52,18,repression-targets-down
KLF6,1.5391015830310182,0.028900038210824694,0.18062582126232318,41,8,activation-targets-up
MSX2,1.5361438097934712,0.1265536359107764,0.029097534393923378,19,12,repression-targets-down
TP73,1.5361438097934712,0.09083855958537584,0.029097534393923378,89,12,repression-targets-down
HNF1B,1.508802755667395,0.030988263794046254,0.5255705695997931,25,1,activation-targets-up
CDX2,1.4926560847979415,0.03216206425098272,0.8932368120256673,34,3,activation-targets-up
RARG,1.4583623366516014,0.03480468145926079,1.0,27,0,activation-targets-up
IRF8,1.4582589262355554,0.03481296983333677,0.8865507630521158,36,8,activation-targets-up
HLF,1.4107839263593525,0.03883435296923659,1.0,10,1,activation-targets-up
PAX2,1.4107839263593525,0.03883435296923659,0.9493592871319367,10,4,activation-targets-up
ESRRG,1.4078514537360483,0.03909746020389807,0.5255705695997931,15,1,activation-targets-up
SPI1,1.3848278802850116,0.041226087407389124,0.2723110909700688,185,14,activation-targets-up
NR1H4,1.3514392086476907,0.04452057772442686,0.9531465215425688,59,17,activation-targets-up
FOXA1,1.3392050578679198,0.04579256200404871,0.5627247586494115,24,9,activation-targets-up
ISL1,1.3292581610453738,0.04685347845743114,1.0,17,0,activation-targets-up
ZBTB7A,1.3273698132520888,0.8766799234663604,0.04705764474351117,19,11,repression-targets-down
TRPS1,1.3249028753038166,0.04732570853377674,0.9128437894583878,7,6,activation-targets-up
HDAC7,1.3203792510840924,0.4744294304002069,0.047821230726041906,1,8,repression-targets-down
IRF4,1.3203792510840924,0.18911018081389863,0.047821230726041906,22,8,repression-targets-down
OTX2,1.2674955764648295,0.05401376163440336,0.5255705695997931,19,1,activation-targets-up
ZNF91,1.2605709123657787,0.05488189361708178,0.5255705695997931,28,1,activation-targets-up
ETV1,1.2056905257189319,0.06227438887035795,1.0,14,0,activation-targets-up
ETS2,1.1824624807469843,0.06569578694511986,0.8932368120256673,70,3,activation-targets-up
TFAP2C,1.1764880908329338,0.06660577855983812,1.0,23,2,activation-targets-up
NFKB,1.1736188685029176,0.06704727499473183,0.48699789354818696,518,35,activation-targets-up
RELA,1.1730383316459543,0.06713695939706056,0.3926384699616691,331,43,activation-targets-up
PGR,1.1612340001116157,0.06898679992403604,0.9700892715503868,76,18,activation-targets-up
HSF4,1.117627960494835,0.9599224049050289,0.07627321267120477,5,4,repression-targets-down
PROX1,1.117627960494835,0.9413388954163752,0.07627321267120477,16,4,repression-targets-down
NFATC1,1.117627960494835,0.4760332910010724,0.07627321267120477,68,4,repression-targets-down
BCL3,1.117627960494835,0.16001025424975604,0.07627321267120477,14,4,repression-targets-down
NR5A1,1.1156187084662827,0.0766269062350252,1.0,61,1,activation-targets-up
HR,1.107590307555293,0.078056611169553,1.0,63,1,activation-targets-up
RUNX1,1.098312439793463,0.07974208010169198,0.6753320657295845,106,20,activation-targets-up
ZBTB18,1.0913950125284813,0.4744294304002069,0.0810223783601122,1,7,repression-targets-down
MYBL2,1.0913950125284813,0.8650867611714035,0.0810223783601122,40,7,repression-targets-down
KLF10,1.0913950125284813,0.7530656340183352,0.0810223783601122,12,7,repression-targets-down
SOX6,1.0913950125284813,0.66517779640453,0.0810223783601122,11,7,repression-targets-down
GATA2,1.0676142300739335,0.08558265787852883,0.35178039188917215,48,4,activation-targets-up
HOXA10,1.0656032802681772,0.08597985724949693,0.5627247586494115,31,9,activation-targets-up
PITX2,1.0604698833692274,0.087002176359403,0.8932368120256673,79,3,activation-targets-up
TBX6,1.0597016606727327,0.0871562105416122,1.0,6,0,activation-targets-up
SPDEF,1.0597016606727327,0.0871562105416122,0.14515000747569662,6,3,activation-targets-up
HOXA13,1.0597016606727327,0.0871562105416122,0.8932368120256673,6,3,activation-targets-up
CTBP2,1.0597016606727327,0.0871562105416122,0.8932368120256673,6,3,activation-targets-up
BATF,1.0597016606727327,0.0871562105416122,1.0,6,0,activation-targets-up
TBX21,1.053475069841298,0.08841479212046684,0.5255705695997931,20,1,activation-targets-up
PPARD,1.0477641940695357,0.08958510476907758,0.937725611129642,52,14,activation-targets-up
LHX2,1.0212321068408716,0.0952287082211907,1.0,22,0,activation-targets-up
NR2F2,1.0146900973987691,0.09667404767953773,0.8428706743389505,37,5,activation-targets-up
PITX3,1.0124228591343571,0.09718005507728583,0.5255705695997931,13,1,activation-targets-up
STAT1,1.0120520228571883,0.09726307082299915,0.8913717537967223,197,15,activation-targets-up
HNF4A,1.0041271749456704,0.09905418409284487,0.9493592871319367,153,4,activation-targets-up
RBPJ,0.9996926018735585,0.9823621414209895,0.1000708060900412,70,27,repression-targets-down
SOX9,0.9959454088460429,0.17906280914092534,0.10093797579227455,57,12,repression-targets-down
NFATC4,0.9944142514757135,0.10129447281948707,0.35178039188917215,24,4,activation-targets-up
TBPL1,0.9944142514757135,0.10129447281948707,0.5255705695997931,24,1,activation-targets-up
NR1D1,0.9715784665537889,0.10676318797433276,0.9931635729946862,3,13,activation-targets-up
ELK3,0.9640572320658976,0.10862824620327768,0.5478674552587213,15,5,activation-targets-up
FOXD3,0.9451984208053805,0.11344923694788421,1.0,8,1,activation-targets-up
TP63,0.9423981252518759,0.11418311185565713,0.21695571715482234,148,10,activation-targets-up
MAZ,0.9358792248033561,0.11590996513502515,0.5255705695997931,30,1,activation-targets-up
BRCA1,0.8977543000473078,0.12654520682359374,0.20243793311507222,36,15,activation-targets-up
FOXO4,0.8977253729608564,0.1265536359107764,0.7749328377831166,19,2,activation-targets-up
GATA3,0.8781736390595327,0.13238121445076118,0.33482220359546994,103,11,activation-targets-up
ZIC1,0.8759759494133106,0.1330528098618008,1.0,10,0,activation-targets-up
ETV5,0.8759759494133106,0.1330528098618008,1.0,10,1,activation-targets-up
JDP2,0.8740805451052813,0.1336347651909349,0.5478674552587213,21,5,activation-targets-up
NEUROG2,0.8690930476320325,0.5587598705697758,0.1351782912555255,10,6,repression-targets-down
DBP,0.8546380356062512,0.1397532654721836,1.0,23,0,activation-targets-up
ARNT,0.8479624796762931,0.14191801246688898,0.2210556829761393,50,5,activation-targets-up
SREBF2,0.8479624796762931,0.14191801246688898,1.0,50,2,activation-targets-up
NFYA,0.8381829374647312,0.8709458325305148,0.14515000747569662,70,3,repression-targets-down
BCL11A,0.8381829374647312,0.9521787692739581,0.14515000747569662,8,3,repression-targets-down
E2F5,0.8381829374647312,0.8648217087444745,0.14515000747569662,6,3,repression-targets-down
MSC,0.8381829374647312,0.5282522802280727,0.14515000747569662,14,3,repression-targets-down
PPARGC1A,0.8381829374647312,0.6062008536281458,0.14515000747569662,17,3,repression-targets-down
MXD1,0.8381829374647312,0.9413388954163752,0.14515000747569662,16,3,repression-targets-down
SIM2,0.8381829374647312,0.4521325447412787,0.14515000747569662,5,3,repression-targets-down
NFATC2,0.8381829374647312,0.17561635700932493,0.14515000747569662,49,3,repression-targets-down
SP1,0.8349674475558737,0.39543142837893264,0.14622867757218272,893,35,repression-targets-down
FOXQ1,0.8293610004071673,0.14812862775077498,0.7749328377831166,12,2,activation-targets-up
ETV6,0.8293610004071673,0.14812862775077498,0.9329001099629941,12,9,activation-targets-up
KLF8,0.8293610004071673,0.14812862775077498,0.35178039188917215,12,4,activation-targets-up
PREB,0.8293610004071673,0.14812862775077498,1.0,12,0,activation-targets-up
STAT5B,0.8206592361177827,0.15112654851545873,0.7248693867068587,68,4,activation-targets-up
KLF4,0.8189731614483393,0.15171441211091036,0.6095790708506543,70,29,activation-targets-up
HIF1A,0.8047056189902604,0.3217224915566325,0.15678134324757179,315,23,repression-targets-down
ZNF335,0.803742753316387,0.1571293256610495,1.0,5,0,activation-targets-up
NR2E3,0.803742753316387,0.1571293256610495,1.0,5,0,activation-targets-up
TEAD2,0.803742753316387,0.1571293256610495,1.0,5,0,activation-targets-up
TBX1,0.803742753316387,0.1571293256610495,0.7749328377831166,5,2,activation-targets-up
HDGF,0.803742753316387,0.1571293256610495,1.0,5,1,activation-targets-up
HIVEP2,0.803742753316387,0.1571293256610495,0.5255705695997931,5,1,activation-targets-up
PRRX1,0.803742753316387,0.1571293256610495,1.0,5,0,activation-targets-up
FOXF1,0.803742753316387,0.1571293256610495,1.0,5,0,activation-targets-up
HOXD13,0.7958521847104174,0.16001025424975604,0.9493592871319367,14,4,activation-targets-up
TBX5,0.7958521847104174,0.16001025424975604,0.27620830141646957,14,2,activation-targets-up
IRF2,0.7945152822221715,0.1605035778113967,1.0,33,3,activation-targets-up
XBP1,0.7805435723521442,0.16575110320016742,0.7749328377831166,37,2,activation-targets-up
SP4,0.7748653600834139,0.1679324561402583,1.0,39,0,activation-targets-up
ZNF699,0.7748653600834139,0.1679324561402583,1.0,39,0,activation-targets-up
NFATC3,0.7511949810763044,0.17733931186397348,0.7749328377831166,18,2,activation-targets-up
DDIT3,0.7432764619896041,0.18060240861480473,0.9028199449227141,63,13,activation-targets-up
VDR,0.7402362953465521,0.18187110466083828,0.45786517625479695,79,12,activation-targets-up
ZNF148,0.7357445236441087,0.18376190159624056,0.7749328377831166,20,2,activation-targets-up
NR2F1,0.7357445236441087,0.18376190159624056,0.9747154676042591,20,8,activation-targets-up
MTA3,0.7287801684551997,0.18673246556120085,0.5255705695997931,7,1,activation-targets-up
ZBTB33,0.7287801684551997,0.18673246556120085,1.0,7,1,activation-targets-up
FOXI1,0.7287801684551997,0.18673246556120085,1.0,7,0,activation-targets-up
HOXB2,0.7287801684551997,0.18673246556120085,1.0,7,0,activation-targets-up
DLX4,0.7047025283801164,0.19737742171986594,0.5255705695997931,26,1,activation-targets-up
NR1H2,0.69771632243519,0.20057817596269326,0.5478674552587213,28,5,activation-targets-up
HOXC6,0.6858210201148027,0.20614793076964089,0.27620830141646957,9,2,activation-targets-up
NFIB,0.6858210201148027,0.20614793076964089,0.9128437894583878,9,6,activation-targets-up
BACH1,0.6858210201148027,0.20614793076964089,0.5478674552587213,9,5,activation-targets-up
RXRB,0.6858210201148027,0.20614793076964089,0.5255705695997931,9,1,activation-targets-up
NR3C2,0.6828622125082319,0.20755719243627585,0.9759814403301833,34,5,activation-targets-up
FOXN1,0.6794047302902636,0.20921618072177742,1.0,36,1,activation-targets-up
NR0B2,0.6740851425180052,0.21179458757185843,0.40590086603739034,40,32,activation-targets-up
POU2F1,0.6660949448888673,0.2157272737465728,0.9974384574023579,62,8,activation-targets-up
CEBPD,0.6659508869190776,0.21579884358961143,0.5383248892980153,56,3,activation-targets-up
NKX3-1,0.6636289009803719,0.5304187130127578,0.21695571715482234,48,10,repression-targets-down
KDM5A,0.6581024301947193,0.2197341559341763,0.7749328377831166,11,2,activation-targets-up
ONECUT1,0.6581024301947193,0.2197341559341763,1.0,11,1,activation-targets-up
ETV7,0.6581024301947193,0.2197341559341763,0.7749328377831166,11,2,activation-targets-up
HEY2,0.6554983156214746,0.9521787692739581,0.2210556829761393,8,5,repression-targets-down
ID3,0.6554983156214746,0.4879059736445038,0.2210556829761393,22,5,repression-targets-down
ESRRA,0.6554983156214746,0.39795435524124084,0.2210556829761393,25,5,repression-targets-down
ARX,0.6554983156214746,0.8193741787376768,0.2210556829761393,8,5,repression-targets-down
ETS1,0.6532250487558346,0.22221580834606863,0.5627247586494115,131,9,activation-targets-up
ESR2,0.6513668170389098,0.22316864829152386,0.9770583634410742,129,21,activation-targets-up
YBX3,0.6148063718398955,0.24276922290389902,0.5478674552587213,17,5,activation-targets-up
PAX8,0.6148063718398955,0.24276922290389902,1.0,17,2,activation-targets-up
SMAD3,0.611868474854742,0.7012749537496468,0.24441706524193182,108,19,repression-targets-down
ZNF331,0.6074184648773137,0.9599224049050289,0.24693436598166488,5,12,repression-targets-down
ETV3,0.6074184648773137,1.0,0.24693436598166488,0,12,repression-targets-down
NCOR1,0.6074184648773137,0.4650745718596732,0.24693436598166488,51,12,repression-targets-down
AP1,0.6028106869406872,0.24956823813463552,0.7467258292418719,367,23,activation-targets-up
FOS,0.6018678758075868,0.2501106150474988,0.9894072446802112,208,15,activation-targets-up
SOX10,0.601022254736897,0.25059808346998186,0.5255705695997931,21,1,activation-targets-up
MITF,0.5973592321984581,0.2527206720505387,0.27056807349405876,67,7,activation-targets-up
ZBTB16,0.5880763639138744,0.25818061803546916,0.27056807349405876,29,7,activation-targets-up
EGR2,0.586650171399272,0.2590298586753929,0.8932368120256673,49,3,activation-targets-up
KLF5,0.586650171399272,0.2590298586753929,0.9128437894583878,49,6,activation-targets-up
MAF,0.5865658222262544,0.2590801726378735,0.5255705695997931,31,1,activation-targets-up
ELF1,0.585887042967316,0.25948541782313084,0.7749328377831166,47,2,activation-targets-up
MYOG,0.5848145301726243,0.26012702246062774,0.27620830141646957,35,2,activation-targets-up
PRDM1,0.564934669901285,0.7790471220525104,0.2723110909700688,24,14,repression-targets-down
CREB5,0.5604610837484809,0.27513061329314126,0.9886089705045423,4,6,activation-targets-up
ABL1,0.558763272878364,0.3088711799167287,0.27620830141646957,8,2,repression-targets-down
NKX3-2,0.558763272878364,0.29707555589992424,0.27620830141646957,6,2,repression-targets-down
EOMES,0.558763272878364,0.972116700741087,0.27620830141646957,9,2,repression-targets-down
CLOCK,0.558763272878364,0.4810514104879096,0.27620830141646957,45,2,repression-targets-down
MXI1,0.558763272878364,0.4521325447412787,0.27620830141646957,5,2,repression-targets-down
PHOX2B,0.558763272878364,0.29707555589992424,0.27620830141646957,6,2,repression-targets-down
HLX,0.558763272878364,0.4372752413505885,0.27620830141646957,9,2,repression-targets-down
POU4F1,0.558763272878364,0.5915470840151837,0.27620830141646957,19,2,repression-targets-down
PLAGL1,0.558763272878364,0.542134823745203,0.27620830141646957,12,2,repression-targets-down
MBD2,0.558763272878364,0.626636553182675,0.27620830141646957,52,2,repression-targets-down
CRX,0.558763272878364,0.8749342258625047,0.27620830141646957,14,2,repression-targets-down
HSF1,0.5360346166971544,0.2910485120190457,0.9759814403301833,70,5,activation-targets-up
SIRT1,0.5315871587773082,0.9456532350484529,0.29404435154443825,24,25,repression-targets-down
IRX1,0.5271330815336588,0.29707555589992424,0.6911288200832713,6,8,activation-targets-up
ZNF436,0.5271330815336588,0.29707555589992424,1.0,6,0,activation-targets-up
SMARCA4,0.5271330815336588,0.29707555589992424,0.8932368120256673,6,3,activation-targets-up
ZNF804A,0.5271330815336588,0.29707555589992424,1.0,6,3,activation-targets-up
KLF7,0.5271330815336588,0.29707555589992424,0.5255705695997931,6,1,activation-targets-up
ELF2,0.5271330815336588,0.29707555589992424,1.0,6,0,activation-targets-up
ING4,0.5271330815336588,0.29707555589992424,0.8132675344387992,6,7,activation-targets-up
MEIS2,0.5271330815336588,0.29707555589992424,1.0,6,1,activation-targets-up
ARID1A,0.5271330815336588,0.29707555589992424,1.0,6,0,activation-targets-up
GATA6,0.5135142890667388,0.30653898209480956,0.7248693867068587,50,4,activation-targets-up
POU3F1,0.5102226128609108,0.3088711799167287,0.7248693867068587,8,4,activation-targets-up
PBRM1,0.5102226128609108,0.3088711799167287,1.0,8,0,activation-targets-up
PML,0.5102226128609108,0.3088711799167287,0.8428706743389505,8,5,activation-targets-up
NFIX,0.5102226128609108,0.3088711799167287,0.9747154676042591,8,8,activation-targets-up
NR2E1,0.5102226128609108,0.3088711799167287,0.7749328377831166,8,2,activation-targets-up
NR2C2,0.5008467594060013,0.31561180616282924,0.5255705695997931,38,1,activation-targets-up
SNAI2,0.5006007849044537,0.3157906121314011,0.9841427303232615,10,29,activation-targets-up
STAT3,0.5000694093849647,0.316177230212709,0.9547471312605026,269,33,activation-targets-up
RARB,0.49703796565570324,0.31839191740428474,0.5478674552587213,34,5,activation-targets-up
NR1I3,0.4952688449862844,0.3196915483391831,1.0,32,2,activation-targets-up
ZEB2,0.4948745934121109,0.31998189539093835,0.5689416404319292,12,11,activation-targets-up
PAX5,0.493618537821293,0.320908678554119,0.5558003236484446,30,7,activation-targets-up
SMAD4,0.4926681771190597,0.32161168755850683,0.9818059900444488,81,14,activation-targets-up
TFE3,0.49211611825408896,0.32202076822837516,1.0,28,1,activation-targets-up
MZF1,0.49147773650399107,0.3224944637331594,0.5383248892980153,14,3,activation-targets-up
MAFB,0.4907994302430481,0.32299854780555753,0.5383248892980153,26,3,activation-targets-up
KDM5B,0.4897185684610113,0.32380342007069174,0.5255705695997931,24,1,activation-targets-up
MYF5,0.4895826558921451,0.32390477029154136,1.0,16,0,activation-targets-up
FOXP3,0.4885606022181352,0.3246679342704155,0.5689416404319292,20,11,activation-targets-up
LITAF,0.4885606022181352,0.3246679342704155,1.0,20,1,activation-targets-up
NOTCH1,0.47518574966548155,0.9936552955219548,0.33482220359546994,38,11,repression-targets-down
JUND,0.46369221920400183,0.3438015107832307,0.8428706743389505,61,5,activation-targets-up
PAX6,0.460667602001202,0.3462042524168999,0.851871372249225,94,12,activation-targets-up
KAT7,0.4606230607139219,0.3462397609819224,1.0,59,0,activation-targets-up
FLI1,0.4575164129904224,0.3487254047485981,0.5627247586494115,57,9,activation-targets-up
HOXB13,0.453728371620057,0.7789443170238607,0.35178039188917215,5,4,repression-targets-down
WT1,0.4485683410013083,0.3559849674880986,0.7430377633425259,86,27,activation-targets-up
MYCN,0.4485683410013083,0.3559849674880986,0.9645098701657847,86,20,activation-targets-up
IRF3,0.4479504318416012,0.35649181926343815,0.7749328377831166,51,2,activation-targets-up
RXRA,0.4446717035970434,0.35919335722326234,0.5627247586494115,49,9,activation-targets-up
EP300,0.43452421404694314,0.3676848925709943,0.3928104664173669,43,6,activation-targets-up
THRA,0.43452421404694314,0.3676848925709943,0.9526742914662233,43,7,activation-targets-up
ATF6,0.42746267607397564,0.3737122413984988,0.8932368120256673,39,3,activation-targets-up
SMAD2,0.42351948157416297,0.6506934495196531,0.37712082775256384,59,15,repression-targets-down
RARA,0.4224230228525502,0.37807414365639447,0.48369024873679867,99,16,activation-targets-up
GLI1,0.4160664137513803,0.38364857219510323,0.9879395785138793,95,39,activation-targets-up
JUN,0.41391700345923715,0.385552032162744,0.7994218240373068,406,28,activation-targets-up
KLF2,0.41244719986540845,0.3868590848647808,0.5689416404319292,31,11,activation-targets-up
USF2,0.41210049748893424,0.38716804231344576,0.8428706743389505,64,5,activation-targets-up
REL,0.41210049748893424,0.38716804231344576,0.8132675344387992,64,7,activation-targets-up
SP7,0.40846690931876545,0.3904209291493456,1.0,29,0,activation-targets-up
SREBF1,0.40625644492348323,0.39241315240005115,0.9329001099629941,89,9,activation-targets-up
HAND2,0.4058169489738105,0.705766499679619,0.3928104664173669,16,6,repression-targets-down
PBX1,0.4043775037031338,0.3941145751958017,0.8932368120256673,27,3,activation-targets-up
STAT6,0.3893387628318643,0.40800100904913256,0.9886089705045423,52,6,activation-targets-up
KLF1,0.3866422347684836,0.4105421621529028,1.0,19,0,activation-targets-up
GATA4,0.3854702670576843,0.4116515290842752,0.9526742914662233,77,7,activation-targets-up
GRHL3,0.3817612102410373,0.41518226110263917,1.0,17,0,activation-targets-up
MYOD1,0.37825782080711334,0.41854502027960033,0.5478674552587213,98,5,activation-targets-up
PITX1,0.37663981241988237,0.4201072607773715,0.9526742914662233,15,7,activation-targets-up
TEAD1,0.37663981241988237,0.4201072607773715,0.8932368120256673,15,3,activation-targets-up
ID2,0.37626309783409667,0.9275603984643952,0.4204718272136178,33,8,repression-targets-down
CTCF,0.37626309783409667,0.7389611632450719,0.4204718272136178,94,8,repression-targets-down
HIC1,0.37626309783409667,0.5587598705697758,0.4204718272136178,10,8,repression-targets-down
STAT4,0.371229700055847,0.4253733719806162,0.5255705695997931,13,1,activation-targets-up
VHL,0.371229700055847,0.4253733719806162,0.5558003236484446,13,7,activation-targets-up
NFE2,0.371229700055847,0.4253733719806162,1.0,13,1,activation-targets-up
USF1,0.36695943260731023,0.42957655158224556,0.7938520692303591,138,9,activation-targets-up
NKX2-2,0.3654639281627072,0.43105835956807076,1.0,11,0,activation-targets-up
SOX5,0.3654639281627072,0.43105835956807076,0.7749328377831166,11,2,activation-targets-up
BARX2,0.3654639281627072,0.43105835956807076,1.0,11,0,activation-targets-up
HOXA7,0.3654639281627072,0.43105835956807076,1.0,11,1,activation-targets-up
ENO1,0.3654639281627072,0.43105835956807076,0.7749328377831166,11,2,activation-targets-up
RORA,0.3632431848781761,0.4332682002418032,0.9128437894583878,40,6,activation-targets-up
KAT2B,0.35924511183698415,0.4372752413505885,0.5383248892980153,9,3,activation-targets-up
MNT,0.35924511183698415,0.4372752413505885,1.0,9,0,activation-targets-up
SKIL,0.35924511183698415,0.4372752413505885,0.7029244441000757,9,6,activation-targets-up
DLX2,0.35924511183698415,0.4372752413505885,0.8932368120256673,9,3,activation-targets-up
SMARCA5,0.35924511183698415,0.4372752413505885,1.0,9,0,activation-targets-up
STAT5A,0.3553249966906565,0.5269755611131464,0.44124012943022417,122,10,repression-targets-down
NFAT5,0.353458122241414,0.44314094322638165,1.0,36,1,activation-targets-up
TBPL2,0.35242176221884775,0.44419967635155544,1.0,7,0,activation-targets-up
RFX5,0.35242176221884775,0.44419967635155544,0.5255705695997931,7,1,activation-targets-up
LHX3,0.35242176221884775,0.44419967635155544,1.0,7,0,activation-targets-up
PATZ1,0.35242176221884775,0.44419967635155544,0.5255705695997931,7,1,activation-targets-up
PAX9,0.35242176221884775,0.44419967635155544,1.0,7,0,activation-targets-up
MYF6,0.35242176221884775,0.44419967635155544,1.0,7,1,activation-targets-up
NFE2L1,0.35242176221884775,0.44419967635155544,1.0,7,0,activation-targets-up
KDM2A,0.35242176221884775,0.44419967635155544,1.0,7,1,activation-targets-up
GFI1B,0.35242176221884775,0.44419967635155544,0.7749328377831166,7,2,activation-targets-up
NKX2-1,0.3482937573519753,0.4484419605997512,0.7029244441000757,34,6,activation-targets-up
NKX6-3,0.34473423109255025,0.4521325447412787,1.0,5,0,activation-targets-up
TCF15,0.34473423109255025,0.4521325447412787,1.0,5,0,activation-targets-up
VEZF1,0.34473423109255025,0.4521325447412787,0.5255705695997931,5,1,activation-targets-up
TLX1,0.34473423109255025,0.4521325447412787,0.5383248892980153,5,3,activation-targets-up
MESP2,0.34473423109255025,0.4521325447412787,0.7749328377831166,5,2,activation-targets-up
MKX,0.34473423109255025,0.4521325447412787,1.0,5,0,activation-targets-up
ETV2,0.34473423109255025,0.4521325447412787,1.0,5,0,activation-targets-up
ATOH1,0.34473423109255025,0.4521325447412787,0.7749328377831166,5,2,activation-targets-up
SALL2,0.34473423109255025,0.4521325447412787,1.0,5,0,activation-targets-up
NEUROG1,0.34473423109255025,0.4521325447412787,0.5255705695997931,5,1,activation-targets-up
TCF20,0.34473423109255025,0.4521325447412787,1.0,5,0,activation-targets-up
DMAP1,0.34473423109255025,0.4521325447412787,1.0,5,0,activation-targets-up
NUPR1,0.34473423109255025,0.4521325447412787,1.0,5,0,activation-targets-up
NKRF,0.34473423109255025,0.4521325447412787,1.0,5,0,activation-targets-up
GBX2,0.34473423109255025,0.4521325447412787,1.0,5,0,activation-targets-up
PHOX2A,0.34473423109255025,0.4521325447412787,1.0,5,0,activation-targets-up
PARK7,0.34473423109255025,0.4521325447412787,1.0,5,1,activation-targets-up
NR1H3,0.3424277594430049,0.4545401391417409,0.9611656470307635,78,10,activation-targets-up
ERG,0.3373052591361109,0.45993317974457193,0.9128437894583878,30,6,activation-targets-up
SIN3A,0.33566353800279025,0.4616751107019847,0.8428706743389505,3,5,activation-targets-up
REST,0.33566353800279025,0.4616751107019847,0.9626379642651914,3,38,activation-targets-up
FOXA2,0.33247740506582596,0.4650745718596732,0.8865507630521158,51,8,activation-targets-up
CREM,0.3262901903529892,0.9929037040513754,0.4717477197719273,35,14,repression-targets-down
HIPK2,0.32382837810929954,0.4744294304002069,0.5558003236484446,1,7,activation-targets-up
ID1,0.3228414911671381,0.4755087454931948,0.7938520692303591,47,9,activation-targets-up
GATA1,0.3223626741860335,0.4760332910010724,0.5746266280193838,68,13,activation-targets-up
DNMT3B,0.3126146388615163,0.4868389993897875,0.8132675344387992,43,7,activation-targets-up
EGR3,0.31166386459943063,0.4879059736445038,0.5255705695997931,22,1,activation-targets-up
ETV4,0.30724434887082597,0.4928964056158507,0.8932368120256673,41,3,activation-targets-up
NR4A3,0.30415388796215054,0.49641639003538957,0.7248693867068587,20,4,activation-targets-up
TBX15,0.2960143828597957,0.5058079105014717,1.0,18,0,activation-targets-up
SMARCA1,0.29589999962168306,0.505941146286666,1.0,37,2,activation-targets-up
SP3,0.29580223550414636,0.5060550516192728,0.8734463640892236,288,19,activation-targets-up
MECP2,0.2906502902385903,1.0,0.5120940263554963,1,22,repression-targets-down
SMAD7,0.2906502902385903,0.9362752149026949,0.5120940263554963,31,22,repression-targets-down
SOX2,0.2898808516162137,0.5130021064518131,0.9329001099629941,35,9,activation-targets-up
TAF1,0.2898808516162137,0.5130021064518131,0.7749328377831166,35,2,activation-targets-up
ELF3,0.28708967259018126,0.5163097512632013,1.0,16,1,activation-targets-up
TWIST2,0.28708967259018126,0.5163097512632013,0.851871372249225,16,12,activation-targets-up
IKZF1,0.28708967259018126,0.5163097512632013,0.8132675344387992,16,7,activation-targets-up
HCFC1,0.2793689619761779,1.0,0.5255705695997931,6,1,repression-targets-down
VSX2,0.2793689619761779,0.5784814990212958,0.5255705695997931,21,1,repression-targets-down
SF1,0.2793689619761779,0.7789443170238607,0.5255705695997931,5,1,repression-targets-down
ID4,0.2793689619761779,0.8193741787376768,0.5255705695997931,8,1,repression-targets-down
ZBTB7B,0.2793689619761779,0.7530656340183352,0.5255705695997931,12,1,repression-targets-down
ZNF384,0.2793689619761779,0.8990620242077254,0.5255705695997931,12,1,repression-targets-down
HOXA5,0.2793689619761779,0.7830442828451777,0.5255705695997931,10,1,repression-targets-down
HOPX,0.2793689619761779,0.9599224049050289,0.5255705695997931,5,1,repression-targets-down
HESX1,0.2793689619761779,0.9822258764922871,0.5255705695997931,13,1,repression-targets-down
NFYB,0.2793689619761779,0.8131289023922388,0.5255705695997931,27,1,repression-targets-down
ZFPM2,0.2793689619761779,0.8648217087444745,0.5255705695997931,6,1,repression-targets-down
ZFPM1,0.2793689619761779,1.0,0.5255705695997931,7,1,repression-targets-down
RCOR2,0.2793689619761779,0.9709024656060766,0.5255705695997931,12,1,repression-targets-down
ESRRB,0.2793689619761779,0.7789443170238607,0.5255705695997931,5,1,repression-targets-down
SOX11,0.2793689619761779,0.8193741787376768,0.5255705695997931,8,1,repression-targets-down
SRY,0.2793689619761779,0.8130506991431335,0.5255705695997931,20,1,repression-targets-down
PTF1A,0.2793689619761779,0.8648217087444745,0.5255705695997931,6,1,repression-targets-down
MEF2D,0.2793689619761779,0.5915470840151837,0.5255705695997931,19,1,repression-targets-down
EGR4,0.2793689619761779,0.9249753204077906,0.5255705695997931,10,1,repression-targets-down
NR2C1,0.2793689619761779,0.8823960091390067,0.5255705695997931,9,1,repression-targets-down
LMX1B,0.2793689619761779,0.7276889090299312,0.5255705695997931,14,1,repression-targets-down
CREBBP,0.2793689619761779,0.5460774939093941,0.5255705695997931,27,1,repression-targets-down
OVOL1,0.2793689619761779,0.7294319265059412,0.5255705695997931,7,1,repression-targets-down
CEBPE,0.2793689619761779,0.642216068114849,0.5255705695997931,13,1,repression-targets-down
MYT1,0.2793689619761779,0.9599224049050289,0.5255705695997931,5,1,repression-targets-down
NCOA3,0.2793689619761779,0.9511304725449651,0.5255705695997931,49,1,repression-targets-down
ARID5B,0.2793689619761779,0.9599224049050289,0.5255705695997931,5,1,repression-targets-down
ATF5,0.2793689619761779,0.9932733339831139,0.5255705695997931,24,1,repression-targets-down
DLX5,0.2793689619761779,0.5559488376903011,0.5255705695997931,25,1,repression-targets-down
E4F1,0.2793689619761779,0.8193741787376768,0.5255705695997931,8,1,repression-targets-down
ARID4A,0.2793689619761779,0.9599224049050289,0.5255705695997931,5,1,repression-targets-down
FOSL1,0.27700419801676857,0.5284401436943764,0.6911288200832713,31,8,activation-targets-up
SNAI1,0.2689927908772166,0.5382787176635712,0.8304445701032457,63,16,activation-targets-up
NRF1,0.2689927908772166,0.5382787176635712,1.0,63,4,activation-targets-up
NPM1,0.26895554023837026,0.9521787692739581,0.5383248892980153,8,3,repression-targets-down
RFX1,0.26895554023837026,0.5795281727863821,0.5383248892980153,8,3,repression-targets-down
PURA,0.26895554023837026,0.66517779640453,0.5383248892980153,11,3,repression-targets-down
MBD1,0.26895554023837026,0.5587598705697758,0.5383248892980153,10,3,repression-targets-down
POU4F2,0.26895554023837026,0.7754624519156501,0.5383248892980153,17,3,repression-targets-down
SALL4,0.26895554023837026,0.5587598705697758,0.5383248892980153,10,3,repression-targets-down
HOXC8,0.26895554023837026,0.5587598705697758,0.5383248892980153,10,3,repression-targets-down
EPAS1,0.26895554023837026,0.7497962708879291,0.5383248892980153,57,3,repression-targets-down
FOSB,0.26895554023837026,0.6539611035019562,0.5383248892980153,22,3,repression-targets-down
YY1,0.2677250298293342,0.9882829240056343,0.5398523176256038,122,53,repression-targets-down
CREB1,0.26655235897704416,0.5413119828345794,0.6770014521944425,279,26,activation-targets-up
HDAC4,0.26589269514582686,0.542134823745203,0.9759814403301833,12,5,activation-targets-up
MSX1,0.26589269514582686,0.542134823745203,0.5558003236484446,12,7,activation-targets-up
ASCL1,0.26132449701252897,0.8324036018381559,0.5478674552587213,39,5,repression-targets-down
KLF9,0.26132449701252897,0.982247815359714,0.5478674552587213,16,5,repression-targets-down
FOSL2,0.26132449701252897,0.7210910927468173,0.5478674552587213,23,5,repression-targets-down
ERF,0.26132449701252897,0.5587598705697758,0.5478674552587213,10,5,repression-targets-down
KLF11,0.26132449701252897,0.642216068114849,0.5478674552587213,13,5,repression-targets-down
E2F2,0.26132449701252897,0.9969630979057649,0.5478674552587213,40,5,repression-targets-down
TBP,0.26132449701252897,0.9858491073928062,0.5478674552587213,114,5,repression-targets-down
MEF2C,0.25860843184237214,0.5513045390390079,0.8932368120256673,42,3,activation-targets-up
RUNX2,0.2552666626102103,0.5555630294044434,0.7802658440658237,74,11,activation-targets-up
SSRP1,0.2552315224932338,0.5556079835553502,1.0,91,0,activation-targets-up
PAX3,0.2550812046642737,0.6864314842372555,0.5558003236484446,62,7,repression-targets-down
HBP1,0.2550812046642737,0.7210910927468173,0.5558003236484446,23,7,repression-targets-down
THRB,0.2550812046642737,0.9448797154368832,0.5558003236484446,29,7,repression-targets-down
NR0B1,0.25496517340202485,0.5559488376903011,0.8865507630521158,25,8,activation-targets-up
HDAC3,0.2527747919206357,0.5587598705697758,0.9747154676042591,10,8,activation-targets-up
AIRE,0.2527747919206357,0.5587598705697758,1.0,10,0,activation-targets-up
BCL11B,0.2527747919206357,0.5587598705697758,0.6911288200832713,10,8,activation-targets-up
MED1,0.2527747919206357,0.5587598705697758,1.0,10,2,activation-targets-up
BMAL1,0.25262499786631093,0.5589526276643242,0.7749328377831166,40,2,activation-targets-up
ARID4B,0.2497039764254081,1.0,0.5627247586494115,0,9,repression-targets-down
SMAD6,0.2497039764254081,0.8823960091390067,0.5627247586494115,9,9,repression-targets-down
LEF1,0.2449322793663301,0.8024748720630223,0.5689416404319292,54,11,repression-targets-down
BCLAF1,0.236925446692168,0.5795281727863821,1.0,8,0,activation-targets-up
CREB3,0.236925446692168,0.5795281727863821,1.0,8,0,activation-targets-up
TEAD4,0.236925446692168,0.5795281727863821,1.0,8,0,activation-targets-up
BARX1,0.236925446692168,0.5795281727863821,1.0,8,0,activation-targets-up
TFAP2A,0.22954725324097558,0.6407397647641521,0.5894578378470972,211,19,repression-targets-down
HSF2,0.22801068211945025,0.5915470840151837,0.7248693867068587,19,4,activation-targets-up
HDAC1,0.22232574099803398,0.6071895335826332,0.5993413738081804,6,56,repression-targets-down
NR4A2,0.21872783882638847,0.6043272270538467,0.9945980836775955,30,7,activation-targets-up
HHEX,0.21738345641159632,0.6062008536281458,1.0,17,2,activation-targets-up
SOX17,0.21738345641159632,0.6062008536281458,0.7802658440658237,17,11,activation-targets-up
POU3F2,0.21738345641159632,0.6062008536281458,1.0,17,1,activation-targets-up
FOXF2,0.2166757231904483,0.6071895335826332,0.7248693867068587,6,4,activation-targets-up
ATOH7,0.2166757231904483,0.6071895335826332,1.0,6,0,activation-targets-up
ZNF236,0.2166757231904483,0.6071895335826332,1.0,6,0,activation-targets-up
PRDM4,0.2166757231904483,0.6071895335826332,1.0,6,0,activation-targets-up
MYRF,0.2166757231904483,0.6071895335826332,1.0,6,0,activation-targets-up
HMGB2,0.2166757231904483,0.6071895335826332,1.0,6,0,activation-targets-up
TBXT,0.2166757231904483,0.6071895335826332,1.0,6,0,activation-targets-up
TSC22D1,0.2166757231904483,0.6071895335826332,1.0,6,0,activation-targets-up
NFE2L2,0.2138449819415455,0.6111601348631275,0.9876361937040947,148,12,activation-targets-up
NFIA,0.21091492658699612,0.6152973907560715,0.8132675344387992,28,7,activation-targets-up
KAT5,0.21041845374433626,0.6160011830698238,0.8932368120256673,41,3,activation-targets-up
TBX2,0.2055961907653458,0.6228791722474362,0.6842093878685989,15,10,activation-targets-up
GATA5,0.2055961907653458,0.6228791722474362,1.0,15,0,activation-targets-up
BHLHE40,0.2055961907653458,0.6228791722474362,0.851871372249225,15,12,activation-targets-up
NFKBIB,0.2055961907653458,0.6228791722474362,1.0,15,0,activation-targets-up
NFYC,0.2055961907653458,0.6228791722474362,1.0,15,1,activation-targets-up
RUNX3,0.1938521570441069,0.639952651718847,0.7446435970098149,24,25,activation-targets-up
EGR1,0.1923977553213391,0.6420993712904706,0.8840900348649748,226,30,activation-targets-up
FOXJ1,0.19231883267435118,0.642216068114849,1.0,13,0,activation-targets-up
EWSR1,0.18625677440975172,0.651243235950421,0.8428706743389505,46,5,activation-targets-up
NCOA1,0.18165495357072226,0.6581805533157237,1.0,57,0,activation-targets-up
FOXP1,0.1770622559346725,0.66517779640453,1.0,11,2,activation-targets-up
SCX,0.1770622559346725,0.66517779640453,1.0,11,0,activation-targets-up
NFIL3,0.1770622559346725,0.66517779640453,0.9747154676042591,11,8,activation-targets-up
TAL1,0.17657984078371747,0.6659170877151367,0.8428706743389505,55,5,activation-targets-up
CTNNB1,0.17535773577204156,0.6677936179611854,0.8255666849673723,195,47,activation-targets-up
POU2F2,0.17432643203433665,0.6693812881804702,1.0,20,1,activation-targets-up
TWIST1,0.1742842954013369,0.6694462368344112,0.6753320657295845,42,20,activation-targets-up
POU5F1,0.16999212828308363,0.7500278170297485,0.6760952297084586,37,16,repression-targets-down
GFI1,0.16747952460678722,0.9555735055830588,0.6800181046090616,22,12,repression-targets-down
ZHX2,0.1648109712623875,1.0,0.6842093878685989,0,10,repression-targets-down
KLF15,0.16334983754804477,0.6865152081294852,1.0,18,1,activation-targets-up
NCOA2,0.16153103469026162,0.6893963271386778,1.0,38,0,activation-targets-up
TTF1,0.16153103469026162,0.6893963271386778,1.0,38,2,activation-targets-up
ATF4,0.1610025622601787,0.6902357315602115,0.8865507630521158,86,8,activation-targets-up
CTBP1,0.16044099656631988,1.0,0.6911288200832713,0,8,repression-targets-down
MTA1,0.16044099656631988,0.9972752901168055,0.6911288200832713,29,8,repression-targets-down
HEY1,0.16044099656631988,0.9935653921552178,0.6911288200832713,15,8,repression-targets-down
HOXD3,0.15905968328733702,0.6933305179350169,1.0,9,0,activation-targets-up
CTCFL,0.15905968328733702,0.6933305179350169,1.0,9,0,activation-targets-up
UBTF,0.15905968328733702,0.6933305179350169,1.0,9,0,activation-targets-up
BHLHA15,0.15905968328733702,0.6933305179350169,1.0,9,0,activation-targets-up
KCNIP3,0.15905968328733702,0.6933305179350169,1.0,9,1,activation-targets-up
KAT6A,0.15905968328733702,0.6933305179350169,1.0,9,0,activation-targets-up
BCL6,0.15482039618243804,0.7001314776641985,0.7467258292418719,36,23,activation-targets-up
NEUROD1,0.15482039618243804,0.7001314776641985,0.7749328377831166,36,2,activation-targets-up
ATF1,0.15387458750406707,0.7016578889812356,0.7749328377831166,58,2,activation-targets-up
FOXG1,0.15309135389038583,0.8193741787376768,0.7029244441000757,8,6,repression-targets-down
TCF3,0.15309135389038583,0.7755751644890722,0.7029244441000757,71,6,repression-targets-down
MAX,0.15309135389038583,0.8413578681095107,0.7029244441000757,30,6,repression-targets-down
NCOR2,0.15309135389038583,0.8925603600716144,0.7029244441000757,41,6,repression-targets-down
MYB,0.14783641011620774,0.7114814637574319,0.8132675344387992,117,7,activation-targets-up
DNMT1,0.14783641011620774,0.7114814637574319,0.9028199449227141,117,13,activation-targets-up
HMGA1,0.14351482400830534,0.7185966297146411,0.9493592871319367,43,4,activation-targets-up
ZMYND8,0.14038640227236163,0.7237916985835304,0.9886089705045423,2,6,activation-targets-up
KDM5C,0.13974024135002316,0.972116700741087,0.7248693867068587,9,4,repression-targets-down
KLF13,0.13974024135002316,0.7294319265059412,0.7248693867068587,7,4,repression-targets-down
SRF,0.13974024135002316,0.9812449723605122,0.7248693867068587,77,4,repression-targets-down
HOXA9,0.13974024135002316,0.8413578681095107,0.7248693867068587,30,4,repression-targets-down
TGIF1,0.13974024135002316,0.9599224049050289,0.7248693867068587,5,4,repression-targets-down
ELK1,0.13974024135002316,0.8754016102083264,0.7248693867068587,45,4,repression-targets-down
PDX1,0.13974024135002316,0.8504589736986319,0.7248693867068587,51,4,repression-targets-down
NKX2-5,0.13974024135002316,0.9000149681091576,0.7248693867068587,46,4,repression-targets-down
TBX18,0.13701523197108223,0.7294319265059412,1.0,7,1,activation-targets-up
GCM1,0.13701523197108223,0.7294319265059412,1.0,7,0,activation-targets-up
NPAS2,0.13701523197108223,0.7294319265059412,1.0,7,0,activation-targets-up
KAT6B,0.13701523197108223,0.7294319265059412,1.0,7,0,activation-targets-up
LHX8,0.13701523197108223,0.7294319265059412,1.0,7,0,activation-targets-up
HOXB4,0.13701523197108223,0.7294319265059412,1.0,7,0,activation-targets-up
ESR1,0.13597007837399766,0.7311894585739769,0.979638529126184,421,33,activation-targets-up
TCF7L2,0.13384379957708883,0.7347780944287177,0.7629167336805263,72,15,activation-targets-up
E2F1,0.12970182378406145,0.9999999899496467,0.7418193819645309,240,29,repression-targets-down
ELF4,0.12525054066568725,0.7494617267203623,1.0,28,1,activation-targets-up
RELB,0.12492262919697471,0.7500278170297485,1.0,37,1,activation-targets-up
MAFK,0.12316717087793624,0.7530656340183352,0.7749328377831166,12,2,activation-targets-up
SIX1,0.12316717087793624,0.7530656340183352,1.0,12,1,activation-targets-up
FOXC1,0.12316717087793624,0.7530656340183352,1.0,12,1,activation-targets-up
NR1I2,0.1150481227668113,0.7672764652279302,0.8428706743389505,143,5,activation-targets-up
FOXM1,0.11308496680838573,0.7707526617135415,0.8428706743389505,62,5,activation-targets-up
NFKB2,0.11181043134532852,0.7730179322138577,0.8428706743389505,42,5,activation-targets-up
NEUROG3,0.11073593548611371,0.9839020458244111,0.7749328377831166,10,2,repression-targets-down
DEAF1,0.11073593548611371,0.9189776216398878,0.7749328377831166,7,2,repression-targets-down
CEBPZ,0.11073593548611371,0.850396560811262,0.7749328377831166,11,2,repression-targets-down
FOXH1,0.11073593548611371,0.9599224049050289,0.7749328377831166,5,2,repression-targets-down
DMTF1,0.11073593548611371,0.8990620242077254,0.7749328377831166,12,2,repression-targets-down
MTF1,0.11073593548611371,0.8817215775723791,0.7749328377831166,24,2,repression-targets-down
PRDM2,0.11073593548611371,1.0,0.7749328377831166,5,2,repression-targets-down
MECOM,0.11073593548611371,0.8990620242077254,0.7749328377831166,12,2,repression-targets-down
JARID2,0.11073593548611371,0.9839020458244111,0.7749328377831166,10,2,repression-targets-down
MEOX1,0.11073593548611371,0.7789443170238607,0.7749328377831166,5,2,repression-targets-down
ZNF350,0.11073593548611371,0.8648217087444745,0.7749328377831166,6,2,repression-targets-down
LYL1,0.11073593548611371,0.9941878305456422,0.7749328377831166,8,2,repression-targets-down
GLI2,0.10878393069556758,0.778423734504424,0.9875463313466478,60,48,activation-targets-up
SALL1,0.10849358683784494,0.7789443170238607,1.0,5,0,activation-targets-up
SON,0.10849358683784494,0.7789443170238607,1.0,5,0,activation-targets-up
WWTR1,0.10849358683784494,0.7789443170238607,0.9493592871319367,5,4,activation-targets-up
SIX4,0.10849358683784494,0.7789443170238607,1.0,5,0,activation-targets-up
PIN1,0.10849358683784494,0.7789443170238607,1.0,5,0,activation-targets-up
GTF2IRD1,0.10849358683784494,0.7789443170238607,1.0,5,0,activation-targets-up
LHX1,0.10849358683784494,0.7789443170238607,1.0,5,0,activation-targets-up
PLAGL2,0.10849358683784494,0.7789443170238607,1.0,5,0,activation-targets-up
MLXIP,0.10849358683784494,0.7789443170238607,1.0,5,0,activation-targets-up
ZNF382,0.10775740379624711,1.0,0.7802658440658237,0,11,repression-targets-down
IRF6,0.10621367695675185,0.7830442828451777,1.0,10,0,activation-targets-up
TCF12,0.1045680366747003,0.7860170438890492,1.0,31,1,activation-targets-up
HMGA2,0.1045680366747003,0.7860170438890492,1.0,31,0,activation-targets-up
GLI3,0.1002604188607108,0.9243426825564283,0.7938520692303591,23,9,repression-targets-down
ATF3,0.10002619720967634,0.7942803212540946,0.8064044248140412,56,24,activation-targets-up
AR,0.09996051687035164,0.9711866204291666,0.7944004529809292,341,32,repression-targets-down
HOXA1,0.09939824638222575,0.795429609967624,1.0,22,0,activation-targets-up
LMO2,0.098235509829697,0.7975620668849278,0.8932368120256673,15,3,activation-targets-up
ZEB1,0.098235509829697,0.7975620668849278,0.9278886856226136,15,25,activation-targets-up
ATF2,0.09505533710391961,0.8034237447028691,0.8932368120256673,83,3,activation-targets-up
GTF3A,0.08988237239905608,0.8130506991431335,1.0,20,0,activation-targets-up
PLAG1,0.08651772626088111,0.8193741787376768,1.0,8,0,activation-targets-up
NEUROD6,0.08651772626088111,0.8193741787376768,1.0,8,0,activation-targets-up
NKX6-1,0.08651772626088111,0.8193741787376768,1.0,8,0,activation-targets-up
BHLHE41,0.08651772626088111,0.8193741787376768,0.9329001099629941,8,9,activation-targets-up
FOXC2,0.08494509212180036,0.8223466127080142,1.0,13,0,activation-targets-up
SMAD1,0.081880594555218,0.828169830418063,1.0,48,2,activation-targets-up
NR5A2,0.08151331652746897,0.8288705006934167,1.0,32,1,activation-targets-up
CDX1,0.07984261872777994,0.8320652434159369,1.0,18,2,activation-targets-up
NR4A1,0.07572601559438906,0.9356372216235027,0.839989745750244,55,14,repression-targets-down
SATB2,0.07423905613398357,0.9136203053512932,0.8428706743389505,15,5,repression-targets-down
KLF17,0.07423905613398357,1.0,0.8428706743389505,0,5,repression-targets-down
HIF3A,0.07423905613398357,1.0,0.8428706743389505,0,5,repression-targets-down
TFCP2,0.07250139739937343,0.8462498458831793,1.0,44,0,activation-targets-up
CUX1,0.07212584494245736,0.8469819497295812,0.937725611129642,69,14,activation-targets-up
ZFP42,0.07037850486259525,0.850396560811262,1.0,11,1,activation-targets-up
HTATIP2,0.07037850486259525,0.850396560811262,1.0,11,4,activation-targets-up
DLX3,0.07037850486259525,0.850396560811262,1.0,11,0,activation-targets-up
TFAM,0.07037850486259525,0.850396560811262,1.0,11,0,activation-targets-up
MAFA,0.07037850486259525,0.850396560811262,1.0,11,0,activation-targets-up
KMT2B,0.07037850486259525,0.850396560811262,1.0,11,0,activation-targets-up
MEIS1,0.07037850486259525,0.850396560811262,1.0,11,1,activation-targets-up
MEF2A,0.06902475841585583,0.8530514815660326,1.0,76,0,activation-targets-up
PHF20,0.06307341726288354,0.8648217087444745,1.0,6,0,activation-targets-up
ASCL2,0.06307341726288354,0.8648217087444745,1.0,6,1,activation-targets-up
ARID3A,0.06307341726288354,0.8648217087444745,1.0,6,0,activation-targets-up
BMAL2,0.06307341726288354,0.8648217087444745,1.0,6,0,activation-targets-up
EHF,0.06307341726288354,0.8648217087444745,1.0,6,2,activation-targets-up
TFDP2,0.06307341726288354,0.8648217087444745,1.0,6,0,activation-targets-up
DOT1L,0.06307341726288354,0.8648217087444745,1.0,6,0,activation-targets-up
PBX2,0.06307341726288354,0.8648217087444745,1.0,6,0,activation-targets-up
MAFG,0.06307341726288354,0.8648217087444745,1.0,6,1,activation-targets-up
SALL3,0.06307341726288354,0.8648217087444745,1.0,6,1,activation-targets-up
GSC,0.06307341726288354,0.8648217087444745,1.0,6,1,activation-targets-up
TFAP4,0.06158989408068279,0.8677809377922847,1.0,26,3,activation-targets-up
TCF7,0.05802459431329222,0.8749342258625047,1.0,14,0,activation-targets-up
OLIG2,0.05802459431329222,0.8749342258625047,1.0,14,0,activation-targets-up
ZNF143,0.05715893895451569,0.8766799234663604,1.0,19,1,activation-targets-up
SFPQ,0.05715893895451569,0.8766799234663604,0.9493592871319367,19,4,activation-targets-up
TEF,0.05433646477097875,0.8823960091390067,1.0,9,0,activation-targets-up
HINFP,0.05433646477097875,0.8823960091390067,1.0,9,1,activation-targets-up
EZH2,0.05120681126798016,0.8887777806077564,0.979334716265459,89,26,activation-targets-up
DNMT3A,0.049941132157605594,0.9614586839166898,0.8913717537967223,25,15,repression-targets-down
SMAD5,0.04903338711182061,0.9692369906572096,0.8932368120256673,23,3,repression-targets-down
SATB1,0.0476311012354511,0.8961256301028631,0.9128437894583878,22,6,activation-targets-up
FOXL2,0.046210346262338026,0.8990620242077254,0.9526742914662233,12,7,activation-targets-up
NONO,0.046210346262338026,0.8990620242077254,1.0,12,1,activation-targets-up
JUNB,0.03960353482122072,0.9140091803004446,0.9128437894583878,63,6,repression-targets-down
SP2,0.039234256729550776,0.9136203053512932,1.0,15,2,activation-targets-up
NRG1,0.038580223565827514,0.914997223930412,1.0,30,0,activation-targets-up
PROP1,0.03669506414886458,0.9189776216398878,1.0,7,0,activation-targets-up
MYOCD,0.03669506414886458,0.9189776216398878,1.0,7,0,activation-targets-up
ZNF263,0.03669506414886458,0.9189776216398878,1.0,7,1,activation-targets-up
POU1F1,0.03265780153418676,0.9275603984643952,1.0,33,0,activation-targets-up
HES1,0.029934892120692967,0.9919847433642829,0.9333942214401618,40,23,repression-targets-down
MYC,0.028950386265339568,0.9999999999999999,0.9355125408516631,632,68,repression-targets-down
APEX1,0.028596473115554476,0.9362752149026949,1.0,31,0,activation-targets-up
NANOG,0.02283292432967654,0.9692369906572096,0.9487833957161511,23,12,repression-targets-down
LRRFIP1,0.021281506215802982,0.9521787692739581,1.0,8,3,activation-targets-up
NFIC,0.021055554342610097,0.9807165990965219,0.9526742914662233,45,7,repression-targets-down
ZGLP1,0.02093336961476515,0.9529423552564888,1.0,11,0,activation-targets-up
TGFB1I1,0.02093336961476515,0.9529423552564888,1.0,11,0,activation-targets-up
ZKSCAN7,0.02093336961476515,0.9529423552564888,1.0,11,0,activation-targets-up
GABPA,0.02076883168797662,0.9533034578531787,1.0,27,1,activation-targets-up
NEUROD2,0.017763871630808854,0.9599224049050289,1.0,5,0,activation-targets-up
ARID3B,0.017763871630808854,0.9599224049050289,1.0,5,0,activation-targets-up
ZNF395,0.017763871630808854,0.9599224049050289,1.0,5,0,activation-targets-up
PRDM16,0.017763871630808854,0.9599224049050289,1.0,5,0,activation-targets-up
NSD2,0.017763871630808854,0.9599224049050289,1.0,5,0,activation-targets-up
HOXD1,0.017763871630808854,0.9599224049050289,1.0,5,0,activation-targets-up
TBX3,0.017320658715616093,1.0,0.960902539796102,1,15,repression-targets-down
HDAC9,0.017320658715616093,1.0,0.960902539796102,0,15,repression-targets-down
KMT2A,0.014403863434633542,0.9673778442466896,1.0,53,0,activation-targets-up
PAX7,0.012824396020549791,0.9709024656060766,1.0,12,0,activation-targets-up
BRD4,0.012281595726401601,0.972116700741087,1.0,9,0,activation-targets-up
SMARCC1,0.00924279695727046,0.9789425441371398,1.0,6,0,activation-targets-up
YAP1,0.00924279695727046,0.9789425441371398,1.0,6,3,activation-targets-up
ELK4,0.00924279695727046,0.9789425441371398,1.0,6,0,activation-targets-up
MLXIPL,0.0070481364014724854,0.9839020458244111,1.0,10,1,activation-targets-up
TFDP1,0.005613438533224679,0.9871577546118215,1.0,28,1,activation-targets-up
TADA2A,0.004831506823817293,0.9889366978866817,1.0,7,0,activation-targets-up
EBF1,0.004691117861105194,0.9892564307989501,1.0,14,2,activation-targets-up
ZBED1,0.003016442173489656,0.993078450252078,1.0,18,0,activation-targets-up
GTF2I,0.003016442173489656,0.993078450252078,1.0,18,0,activation-targets-up
CREBZF,0.0025315571889948777,0.9941878305456422,1.0,8,2,activation-targets-up
MYBL1,0.0025315571889948777,0.9941878305456422,1.0,8,0,activation-targets-up
NRL,0.0013280503734322598,0.9969467217712116,1.0,9,0,activation-targets-up
ZNF362,0.0012889750586895683,0.9970364253275065,1.0,13,0,activation-targets-up
E2F3,0.0008462507970364447,0.998053332749072,1.0,60,1,activation-targets-up
ZBTB17,0.0007432604951757117,0.9982900431086335,1.0,33,2,activation-targets-up
TCF21,0.0006971109867823502,0.998396130209745,1.0,10,1,activation-targets-up
ZBTB4,0.00036602753236790437,0.9991575455245468,1.0,11,1,activation-targets-up
CXXC1,0.00036602753236790437,0.9991575455245468,1.0,11,0,activation-targets-up
TET1,0.00036602753236790437,0.9991575455245468,1.0,11,0,activation-targets-up
SRSF2,0.00019221124558027464,0.9995575151765186,1.0,12,0,activation-targets-up
NOTO,-0.0,1.0,1.0,5,0,repression-targets-down
